{"cameraMode":{"drawMode":0,"name":"Shaded","section":"Shading Mode"},"sceneLighting":false,"audioPlay":false,"sceneViewState":{"showFog":true,"showMaterialUpdate":false,"showSkybox":false,"showFlares":true,"showImageEffects":false,"showParticleSystems":true},"in2DMode":false,"pivot":{"x":-11.061827659606934,"y":-4.313692569732666,"z":7.96875},"rotation":{"x":0.1484592705965042,"y":-0.4790572226047516,"z":0.08266646414995194,"w":0.8615644574165344},"size":20.872499465942384,"orthographic":false}