{"cameraMode":{"drawMode":0,"name":"Shaded","section":"Shading Mode"},"sceneLighting":false,"audioPlay":false,"sceneViewState":{"showFog":true,"showMaterialUpdate":false,"showSkybox":false,"showFlares":true,"showImageEffects":false,"showParticleSystems":true},"in2DMode":false,"pivot":{"x":0.8624082803726196,"y":1.174899935722351,"z":0.2304525226354599},"rotation":{"x":0.14395663142204286,"y":-0.6988043785095215,"z":0.14714816212654115,"w":0.6852447390556336},"size":3.1052191257476808,"orthographic":false}