{"cameraMode":{"drawMode":0,"name":"Shaded","section":"Shading Mode"},"sceneLighting":true,"audioPlay":false,"sceneViewState":{"showFog":true,"showMaterialUpdate":false,"showSkybox":true,"showFlares":true,"showImageEffects":false,"showParticleSystems":true},"in2DMode":false,"pivot":{"x":-18.931304931640626,"y":73.98117065429688,"z":-89.46784210205078},"rotation":{"x":0.34697484970092776,"y":-0.06615660339593888,"z":0.02535630576312542,"w":0.9355877041816711},"size":4.225429534912109,"orthographic":false}